Date,District,Precipitation_mm,Temperature_C,Chlorophyll_ug_L
2022-01,Ariyalur,147.67,34.64,3.62
2022-01,Chengalpattu,353.32,29.28,5.42
2022-01,Chennai,264.96,21.11,6.79
2022-01,Coimbatore,394.88,28.25,8.12
2022-01,Cuddalore,130.0,33.16,4.77
2022-01,Dharmapuri,163.75,27.5,5.72
2022-01,Dindigul,155.68,36.07,7.28
2022-01,Erode,282.96,36.08,4.79
2022-01,Kallakurichi,279.55,24.3,8.09
2022-01,Kancheepuram,204.59,27.21,0.26
2022-01,Karur,259.17,26.2,2.11
2022-01,Krishnagiri,263.82,21.52,4.07
2022-01,Madurai,290.5,37.04,8.04
2022-01,Mayiladuthurai,45.46,23.49,3.66
2022-01,Nagapattinam,262.27,28.65,0.73
2022-01,Namakkal,43.6,36.46,8.6
2022-01,Nilgiris,217.16,37.57,5.21
2022-01,Perambalur,322.55,36.58,8.54
2022-01,Pudukkottai,393.21,25.52,5.23
2022-01,Ramanathapuram,321.87,34.99,1.6
2022-01,Ranipet,386.87,35.57,1.11
2022-01,Salem,399.14,37.75,1.76
2022-01,Sivaganga,333.99,32.22,6.01
2022-01,Tenkasi,165.99,35.69,9.21
2022-01,Thanjavur,139.66,24.61,6.96
2022-01,Theni,106.63,38.39,4.37
2022-01,Thoothukudi,180.55,26.16,0.36
2022-01,Tiruchirappalli,333.25,27.16,3.79
2022-01,Tirunelveli,205.63,33.66,9.24
2022-01,Tirupathur,299.57,27.74,8.25
2022-01,Tiruppur,152.28,31.04,8.53
2022-01,Tiruvallur,243.81,32.55,4.37
2022-01,Tiruvannamalai,170.23,22.55,4.16
2022-01,Tiruvarur,216.82,38.24,7.7
2022-01,Vellore,292.94,25.72,1.01
2022-01,Viluppuram,342.22,28.61,2.63
2022-01,Virudhunagar,25.59,30.06,5.75
2022-02,Ariyalur,11.14,32.34,3.4
2022-02,Chengalpattu,199.97,31.14,0.28
2022-02,Chennai,287.15,31.43,1.14
2022-02,Coimbatore,284.44,29.22,0.68
2022-02,Cuddalore,37.36,29.17,0.66
2022-02,Dharmapuri,246.4,27.83,9.56
2022-02,Dindigul,352.48,30.35,2.46
2022-02,Erode,46.52,28.67,8.34
2022-02,Kallakurichi,30.21,36.09,3.24
2022-02,Kancheepuram,28.21,28.44,5.25
2022-02,Karur,372.93,27.75,8.04
2022-02,Krishnagiri,119.33,38.72,6.06
2022-02,Madurai,23.93,29.17,1.32
2022-02,Mayiladuthurai,290.88,37.16,0.17
2022-02,Nagapattinam,118.63,38.07,0.53
2022-02,Namakkal,381.47,26.52,8.27
2022-02,Nilgiris,161.9,27.77,1.95
2022-02,Perambalur,329.34,21.57,5.29
2022-02,Pudukkottai,287.32,32.97,9.75
2022-02,Ramanathapuram,382.2,38.72,5.89
2022-02,Ranipet,122.74,31.71,4.82
2022-02,Salem,99.51,32.98,2.53
2022-02,Sivaganga,182.75,27.87,8.62
2022-02,Tenkasi,290.32,25.25,2.6
2022-02,Thanjavur,115.54,23.3,4.27
2022-02,Theni,107.38,23.19,1.35
2022-02,Thoothukudi,357.18,24.71,7.65
2022-02,Tiruchirappalli,146.51,26.4,0.56
2022-02,Tirunelveli,365.22,23.81,7.19
2022-02,Tirupathur,71.28,25.61,0.64
2022-02,Tiruppur,270.99,36.76,8.71
2022-02,Tiruvallur,198.94,36.0,7.19
2022-02,Tiruvannamalai,199.4,20.33,3.7
2022-02,Tiruvarur,104.82,27.83,5.86
2022-02,Vellore,306.07,24.29,5.59
2022-02,Viluppuram,350.26,28.31,4.89
2022-02,Virudhunagar,361.48,32.89,8.98
2022-03,Ariyalur,194.27,32.46,1.72
2022-03,Chengalpattu,62.57,28.56,2.71
2022-03,Chennai,290.34,24.21,3.69
2022-03,Coimbatore,387.06,25.43,7.07
2022-03,Cuddalore,13.87,32.66,4.65
2022-03,Dharmapuri,94.88,21.77,8.66
2022-03,Dindigul,312.38,29.62,4.07
2022-03,Erode,226.15,20.99,2.22
2022-03,Kallakurichi,280.72,35.17,8.1
2022-03,Kancheepuram,362.82,30.84,9.89
2022-03,Karur,315.79,36.72,6.98
2022-03,Krishnagiri,0.07,32.96,8.06
2022-03,Madurai,110.35,31.86,9.0
2022-03,Mayiladuthurai,288.87,22.5,9.71
2022-03,Nagapattinam,71.63,37.74,7.85
2022-03,Namakkal,287.83,27.9,4.4
2022-03,Nilgiris,295.92,28.71,1.93
2022-03,Perambalur,180.78,23.46,2.6
2022-03,Pudukkottai,82.63,24.59,2.17
2022-03,Ramanathapuram,240.09,34.03,0.15
2022-03,Ranipet,254.48,29.76,8.33
2022-03,Salem,381.4,20.93,9.83
2022-03,Sivaganga,4.09,24.47,8.44
2022-03,Tenkasi,334.39,30.24,1.07
2022-03,Thanjavur,1.52,33.83,0.97
2022-03,Theni,46.72,32.55,6.81
2022-03,Thoothukudi,9.6,27.76,7.62
2022-03,Tiruchirappalli,285.97,24.35,7.24
2022-03,Tirunelveli,386.51,21.46,6.1
2022-03,Tirupathur,299.76,20.78,3.7
2022-03,Tiruppur,180.41,29.03,2.85
2022-03,Tiruvallur,131.4,38.27,0.63
2022-03,Tiruvannamalai,116.65,23.32,2.8
2022-03,Tiruvarur,355.47,21.7,0.41
2022-03,Vellore,229.68,35.37,2.7
2022-03,Viluppuram,233.98,39.14,9.2
2022-03,Virudhunagar,248.71,37.36,7.48
2022-04,Ariyalur,151.82,29.55,3.58
2022-04,Chengalpattu,52.19,30.89,0.55
2022-04,Chennai,309.2,28.32,8.29
2022-04,Coimbatore,270.7,39.99,7.44
2022-04,Cuddalore,241.15,36.22,6.47
2022-04,Dharmapuri,10.97,39.13,6.81
2022-04,Dindigul,346.35,34.51,5.6
2022-04,Erode,265.19,30.44,7.74
2022-04,Kallakurichi,139.81,24.7,5.4
2022-04,Kancheepuram,47.27,28.62,9.43
2022-04,Karur,111.51,28.55,9.42
2022-04,Krishnagiri,380.52,35.72,0.71
2022-04,Madurai,33.78,27.43,2.35
2022-04,Mayiladuthurai,352.73,25.13,8.66
2022-04,Nagapattinam,385.25,26.62,3.73
2022-04,Namakkal,194.7,37.6,6.58
2022-04,Nilgiris,253.98,31.98,1.47
2022-04,Perambalur,288.92,32.69,9.67
2022-04,Pudukkottai,59.05,39.57,9.16
2022-04,Ramanathapuram,247.02,30.27,2.49
2022-04,Ranipet,215.58,22.11,3.18
2022-04,Salem,382.66,25.0,7.4
2022-04,Sivaganga,361.96,27.87,5.97
2022-04,Tenkasi,349.51,33.07,1.71
2022-04,Thanjavur,306.36,33.27,1.81
2022-04,Theni,124.7,30.08,3.92
2022-04,Thoothukudi,350.51,26.46,6.88
2022-04,Tiruchirappalli,42.99,35.08,7.91
2022-04,Tirunelveli,20.17,36.45,3.19
2022-04,Tirupathur,225.21,36.97,3.53
2022-04,Tiruppur,14.49,22.4,5.47
2022-04,Tiruvallur,63.93,34.74,3.58
2022-04,Tiruvannamalai,114.77,29.96,9.57
2022-04,Tiruvarur,181.43,32.25,2.52
2022-04,Vellore,185.5,20.17,8.48
2022-04,Viluppuram,268.91,27.68,4.95
2022-04,Virudhunagar,189.34,36.98,3.37
2022-05,Ariyalur,21.3,31.94,6.61
2022-05,Chengalpattu,271.07,21.36,8.33
2022-05,Chennai,246.72,20.71,2.42
2022-05,Coimbatore,162.72,37.13,3.6
2022-05,Cuddalore,352.21,37.7,9.89
2022-05,Dharmapuri,125.73,31.56,0.82
2022-05,Dindigul,125.09,38.93,6.56
2022-05,Erode,88.34,20.09,8.89
2022-05,Kallakurichi,371.74,26.7,3.85
2022-05,Kancheepuram,162.77,20.76,5.58
2022-05,Karur,155.01,31.91,3.97
2022-05,Krishnagiri,397.05,30.7,4.65
2022-05,Madurai,38.26,29.85,0.43
2022-05,Mayiladuthurai,395.74,22.13,9.38
2022-05,Nagapattinam,205.18,29.03,2.23
2022-05,Namakkal,144.9,32.25,3.74
2022-05,Nilgiris,380.08,23.27,0.25
2022-05,Perambalur,296.97,27.15,3.33
2022-05,Pudukkottai,62.64,29.25,3.85
2022-05,Ramanathapuram,168.86,35.05,9.0
2022-05,Ranipet,161.63,39.68,3.17
2022-05,Salem,196.58,22.56,8.26
2022-05,Sivaganga,271.65,36.09,8.75
2022-05,Tenkasi,329.45,20.52,8.23
2022-05,Thanjavur,27.7,20.29,7.6
2022-05,Theni,111.54,20.08,9.47
2022-05,Thoothukudi,378.15,33.49,4.1
2022-05,Tiruchirappalli,74.24,20.14,7.75
2022-05,Tirunelveli,184.0,24.77,6.0
2022-05,Tirupathur,110.92,25.83,6.62
2022-05,Tiruppur,225.41,34.62,6.73
2022-05,Tiruvallur,26.93,25.82,5.64
2022-05,Tiruvannamalai,182.65,35.3,5.58
2022-05,Tiruvarur,17.77,31.27,2.33
2022-05,Vellore,332.81,37.16,9.98
2022-05,Viluppuram,209.42,30.8,9.85
2022-05,Virudhunagar,62.05,37.76,6.99
2022-06,Ariyalur,334.26,30.55,5.58
2022-06,Chengalpattu,132.67,35.16,5.62
2022-06,Chennai,150.71,25.13,6.41
2022-06,Coimbatore,271.34,20.11,4.3
2022-06,Cuddalore,350.2,24.18,1.12
2022-06,Dharmapuri,388.62,22.79,7.29
2022-06,Dindigul,280.38,32.42,7.61
2022-06,Erode,114.24,24.31,3.26
2022-06,Kallakurichi,39.98,37.42,8.16
2022-06,Kancheepuram,342.1,25.76,6.35
2022-06,Karur,97.7,39.16,4.77
2022-06,Krishnagiri,48.5,38.95,9.76
2022-06,Madurai,199.39,32.2,9.1
2022-06,Mayiladuthurai,239.07,24.72,8.24
2022-06,Nagapattinam,123.91,30.0,3.86
2022-06,Namakkal,339.05,29.48,3.85
2022-06,Nilgiris,172.02,29.38,2.38
2022-06,Perambalur,3.08,27.66,1.49
2022-06,Pudukkottai,113.43,30.32,6.76
2022-06,Ramanathapuram,201.62,32.1,6.85
2022-06,Ranipet,279.6,26.28,6.38
2022-06,Salem,133.14,37.96,5.96
2022-06,Sivaganga,388.61,39.71,5.44
2022-06,Tenkasi,307.15,38.86,5.86
2022-06,Thanjavur,28.83,36.59,2.55
2022-06,Theni,174.88,29.54,3.57
2022-06,Thoothukudi,303.58,31.76,7.49
2022-06,Tiruchirappalli,245.28,33.55,1.49
2022-06,Tirunelveli,166.96,25.73,1.0
2022-06,Tirupathur,392.86,21.44,8.23
2022-06,Tiruppur,387.37,37.34,6.35
2022-06,Tiruvallur,53.75,28.77,9.62
2022-06,Tiruvannamalai,303.1,25.42,5.03
2022-06,Tiruvarur,255.72,35.96,0.62
2022-06,Vellore,128.75,39.4,6.71
2022-06,Viluppuram,48.63,32.66,3.88
2022-06,Virudhunagar,195.06,34.39,7.17
2022-07,Ariyalur,157.01,24.75,3.58
2022-07,Chengalpattu,246.87,23.27,9.71
2022-07,Chennai,349.8,28.91,8.95
2022-07,Coimbatore,144.54,20.79,3.37
2022-07,Cuddalore,77.55,29.69,7.17
2022-07,Dharmapuri,337.75,24.42,2.02
2022-07,Dindigul,295.44,30.49,8.82
2022-07,Erode,152.52,28.47,2.91
2022-07,Kallakurichi,377.0,27.77,2.04
2022-07,Kancheepuram,133.32,24.38,7.86
2022-07,Karur,248.69,38.74,7.87
2022-07,Krishnagiri,358.92,20.66,3.53
2022-07,Madurai,11.67,35.58,0.27
2022-07,Mayiladuthurai,31.65,20.27,2.5
2022-07,Nagapattinam,103.48,39.8,7.44
2022-07,Namakkal,140.92,38.78,7.83
2022-07,Nilgiris,237.9,33.11,9.74
2022-07,Perambalur,202.29,39.45,0.9
2022-07,Pudukkottai,276.56,22.77,8.33
2022-07,Ramanathapuram,82.66,39.3,0.78
2022-07,Ranipet,285.23,25.95,9.36
2022-07,Salem,294.58,26.05,7.53
2022-07,Sivaganga,119.14,21.1,9.04
2022-07,Tenkasi,377.95,39.66,4.4
2022-07,Thanjavur,239.59,37.66,1.59
2022-07,Theni,335.93,37.58,9.63
2022-07,Thoothukudi,356.46,37.21,6.26
2022-07,Tiruchirappalli,38.92,39.16,1.3
2022-07,Tirunelveli,289.05,29.87,3.82
2022-07,Tirupathur,38.76,35.39,3.09
2022-07,Tiruppur,47.6,21.46,8.11
2022-07,Tiruvallur,394.54,37.25,4.14
2022-07,Tiruvannamalai,44.66,30.75,9.26
2022-07,Tiruvarur,117.64,24.57,0.43
2022-07,Vellore,160.33,21.87,9.28
2022-07,Viluppuram,341.2,34.27,5.39
2022-07,Virudhunagar,87.12,37.34,2.89
2022-08,Ariyalur,218.88,20.7,6.85
2022-08,Chengalpattu,145.87,30.44,5.94
2022-08,Chennai,272.2,36.0,4.14
2022-08,Coimbatore,176.64,30.78,3.33
2022-08,Cuddalore,364.23,35.34,3.01
2022-08,Dharmapuri,280.2,25.45,7.34
2022-08,Dindigul,4.18,25.98,3.09
2022-08,Erode,325.52,24.84,1.48
2022-08,Kallakurichi,90.84,36.65,8.65
2022-08,Kancheepuram,324.23,38.53,1.69
2022-08,Karur,341.35,32.68,5.39
2022-08,Krishnagiri,345.82,24.72,2.42
2022-08,Madurai,152.19,35.94,4.61
2022-08,Mayiladuthurai,43.56,27.16,4.32
2022-08,Nagapattinam,293.07,25.29,5.65
2022-08,Namakkal,162.71,27.78,6.46
2022-08,Nilgiris,208.1,26.76,7.55
2022-08,Perambalur,71.27,35.44,5.02
2022-08,Pudukkottai,179.14,23.84,7.12
2022-08,Ramanathapuram,171.59,31.9,0.93
2022-08,Ranipet,106.93,38.29,2.41
2022-08,Salem,224.85,24.5,6.04
2022-08,Sivaganga,361.94,23.12,2.71
2022-08,Tenkasi,9.37,31.05,2.79
2022-08,Thanjavur,33.9,34.51,5.26
2022-08,Theni,131.15,22.73,2.09
2022-08,Thoothukudi,298.59,36.67,5.59
2022-08,Tiruchirappalli,228.6,29.72,0.31
2022-08,Tirunelveli,198.68,27.93,1.82
2022-08,Tirupathur,277.03,31.34,9.7
2022-08,Tiruppur,148.94,31.44,6.74
2022-08,Tiruvallur,281.9,35.72,2.82
2022-08,Tiruvannamalai,225.64,24.86,6.26
2022-08,Tiruvarur,138.2,29.2,9.15
2022-08,Vellore,84.93,23.72,4.65
2022-08,Viluppuram,350.78,39.61,9.55
2022-08,Virudhunagar,29.61,35.52,6.61
2022-09,Ariyalur,126.68,39.18,9.02
2022-09,Chengalpattu,176.6,38.78,3.77
2022-09,Chennai,11.25,20.59,7.88
2022-09,Coimbatore,310.27,25.53,10.0
2022-09,Cuddalore,42.69,26.11,1.49
2022-09,Dharmapuri,219.71,27.69,7.07
2022-09,Dindigul,389.27,39.83,9.11
2022-09,Erode,178.12,22.82,2.02
2022-09,Kallakurichi,168.11,30.46,8.36
2022-09,Kancheepuram,330.55,24.72,0.2
2022-09,Karur,376.8,21.29,4.36
2022-09,Krishnagiri,53.92,35.95,7.9
2022-09,Madurai,342.65,29.74,8.8
2022-09,Mayiladuthurai,35.07,24.89,2.64
2022-09,Nagapattinam,68.58,24.96,4.47
2022-09,Namakkal,362.7,22.28,4.47
2022-09,Nilgiris,351.95,32.65,4.27
2022-09,Perambalur,248.63,37.94,9.82
2022-09,Pudukkottai,67.19,32.92,1.86
2022-09,Ramanathapuram,317.37,34.83,8.62
2022-09,Ranipet,45.9,25.51,7.32
2022-09,Salem,191.86,31.45,6.03
2022-09,Sivaganga,199.7,20.6,8.71
2022-09,Tenkasi,93.22,36.53,9.14
2022-09,Thanjavur,49.87,24.96,2.2
2022-09,Theni,371.22,27.74,2.63
2022-09,Thoothukudi,301.56,34.94,8.72
2022-09,Tiruchirappalli,219.43,28.18,5.72
2022-09,Tirunelveli,376.2,38.72,3.41
2022-09,Tirupathur,307.46,23.98,6.48
2022-09,Tiruppur,74.85,24.49,2.16
2022-09,Tiruvallur,226.73,23.65,0.22
2022-09,Tiruvannamalai,381.63,28.28,7.83
2022-09,Tiruvarur,71.05,39.67,3.11
2022-09,Vellore,344.77,25.54,3.75
2022-09,Viluppuram,49.07,31.83,6.09
2022-09,Virudhunagar,305.07,20.11,5.76
2022-10,Ariyalur,271.92,34.59,8.31
2022-10,Chengalpattu,349.12,25.02,8.33
2022-10,Chennai,151.52,38.96,4.28
2022-10,Coimbatore,197.51,35.19,1.26
2022-10,Cuddalore,81.98,34.25,5.24
2022-10,Dharmapuri,342.49,20.59,8.8
2022-10,Dindigul,393.96,23.1,2.35
2022-10,Erode,167.0,39.5,2.13
2022-10,Kallakurichi,54.64,38.44,4.71
2022-10,Kancheepuram,102.02,34.2,4.06
2022-10,Karur,304.55,34.73,9.33
2022-10,Krishnagiri,55.23,36.47,2.54
2022-10,Madurai,372.91,28.17,0.65
2022-10,Mayiladuthurai,360.75,23.44,9.37
2022-10,Nagapattinam,167.97,34.73,1.88
2022-10,Namakkal,302.57,29.91,0.8
2022-10,Nilgiris,68.38,38.17,6.98
2022-10,Perambalur,134.87,27.07,8.44
2022-10,Pudukkottai,113.0,38.23,5.11
2022-10,Ramanathapuram,286.46,34.26,7.36
2022-10,Ranipet,108.94,23.86,8.64
2022-10,Salem,357.95,38.26,7.25
2022-10,Sivaganga,141.88,20.97,9.44
2022-10,Tenkasi,56.49,25.17,0.17
2022-10,Thanjavur,147.86,26.16,8.53
2022-10,Theni,22.1,21.81,7.45
2022-10,Thoothukudi,2.78,24.64,2.28
2022-10,Tiruchirappalli,105.86,35.83,8.92
2022-10,Tirunelveli,309.09,22.04,6.59
2022-10,Tirupathur,379.92,24.34,0.69
2022-10,Tiruppur,121.37,29.48,2.2
2022-10,Tiruvallur,358.71,30.52,2.79
2022-10,Tiruvannamalai,340.5,21.28,0.32
2022-10,Tiruvarur,323.93,27.72,9.02
2022-10,Vellore,328.17,30.84,1.73
2022-10,Viluppuram,138.75,33.8,0.93
2022-10,Virudhunagar,396.84,25.67,4.66
2022-11,Ariyalur,255.62,33.71,4.85
2022-11,Chengalpattu,244.37,34.84,7.14
2022-11,Chennai,347.79,35.79,6.75
2022-11,Coimbatore,51.26,32.06,1.18
2022-11,Cuddalore,247.67,26.63,0.92
2022-11,Dharmapuri,162.9,22.58,1.06
2022-11,Dindigul,89.96,22.57,1.14
2022-11,Erode,1.15,32.28,7.8
2022-11,Kallakurichi,101.86,29.21,2.59
2022-11,Kancheepuram,225.09,21.98,2.18
2022-11,Karur,96.23,20.53,2.58
2022-11,Krishnagiri,4.73,28.53,8.74
2022-11,Madurai,220.99,38.25,0.32
2022-11,Mayiladuthurai,304.75,21.55,1.52
2022-11,Nagapattinam,127.41,36.89,1.57
2022-11,Namakkal,287.07,34.21,1.43
2022-11,Nilgiris,172.7,23.63,6.2
2022-11,Perambalur,21.65,39.97,2.55
2022-11,Pudukkottai,384.38,33.12,7.84
2022-11,Ramanathapuram,232.49,34.65,5.49
2022-11,Ranipet,276.02,32.6,3.12
2022-11,Salem,148.28,25.67,9.08
2022-11,Sivaganga,255.12,30.49,0.63
2022-11,Tenkasi,330.93,24.88,2.49
2022-11,Thanjavur,267.59,27.61,4.62
2022-11,Theni,103.51,30.98,0.96
2022-11,Thoothukudi,150.82,29.95,4.77
2022-11,Tiruchirappalli,203.99,22.22,9.6
2022-11,Tirunelveli,55.28,38.37,4.17
2022-11,Tirupathur,227.83,25.79,7.77
2022-11,Tiruppur,251.2,30.08,3.36
2022-11,Tiruvallur,292.73,36.01,8.73
2022-11,Tiruvannamalai,283.08,24.66,3.38
2022-11,Tiruvarur,232.02,25.87,6.72
2022-11,Vellore,160.11,27.26,5.02
2022-11,Viluppuram,148.73,29.54,4.24
2022-11,Virudhunagar,284.73,24.49,2.63
2022-12,Ariyalur,221.18,21.16,0.76
2022-12,Chengalpattu,278.7,30.23,3.61
2022-12,Chennai,375.94,31.56,9.28
2022-12,Coimbatore,394.63,23.59,7.68
2022-12,Cuddalore,84.31,24.56,3.72
2022-12,Dharmapuri,230.17,20.48,3.9
2022-12,Dindigul,121.5,28.62,5.78
2022-12,Erode,64.57,25.48,1.75
2022-12,Kallakurichi,107.33,26.78,8.09
2022-12,Kancheepuram,4.56,29.52,6.82
2022-12,Karur,262.55,32.42,1.36
2022-12,Krishnagiri,281.65,23.7,1.9
2022-12,Madurai,182.31,22.53,2.98
2022-12,Mayiladuthurai,30.31,20.2,5.1
2022-12,Nagapattinam,171.3,37.73,7.8
2022-12,Namakkal,302.94,23.87,3.0
2022-12,Nilgiris,336.46,38.12,4.14
2022-12,Perambalur,297.19,20.7,2.04
2022-12,Pudukkottai,278.55,26.15,7.42
2022-12,Ramanathapuram,342.48,20.87,1.86
2022-12,Ranipet,255.77,38.76,9.61
2022-12,Salem,378.87,35.85,2.63
2022-12,Sivaganga,396.82,34.68,4.84
2022-12,Tenkasi,188.64,37.45,2.41
2022-12,Thanjavur,131.49,21.73,6.79
2022-12,Theni,120.9,39.32,3.88
2022-12,Thoothukudi,388.66,34.73,7.86
2022-12,Tiruchirappalli,390.12,26.12,3.1
2022-12,Tirunelveli,237.52,21.42,6.27
2022-12,Tirupathur,213.36,26.09,6.93
2022-12,Tiruppur,256.7,21.73,9.71
2022-12,Tiruvallur,233.73,32.99,3.91
2022-12,Tiruvannamalai,6.28,35.39,5.69
2022-12,Tiruvarur,167.96,31.49,2.4
2022-12,Vellore,224.76,30.45,8.09
2022-12,Viluppuram,224.95,37.21,8.18
2022-12,Virudhunagar,397.46,34.66,10.0
2023-01,Ariyalur,388.42,31.61,5.37
2023-01,Chengalpattu,240.94,38.14,1.86
2023-01,Chennai,273.52,31.84,0.41
2023-01,Coimbatore,116.01,26.97,1.86
2023-01,Cuddalore,136.19,26.71,6.11
2023-01,Dharmapuri,392.08,35.45,3.71
2023-01,Dindigul,21.59,33.0,2.16
2023-01,Erode,253.18,38.69,5.7
2023-01,Kallakurichi,339.53,26.4,5.65
2023-01,Kancheepuram,14.16,29.82,0.36
2023-01,Karur,128.03,25.17,8.14
2023-01,Krishnagiri,130.63,21.22,8.74
2023-01,Madurai,184.54,26.87,4.77
2023-01,Mayiladuthurai,24.55,39.75,1.45
2023-01,Nagapattinam,293.43,29.97,6.63
2023-01,Namakkal,1.72,21.38,9.97
2023-01,Nilgiris,164.02,29.52,6.76
2023-01,Perambalur,301.33,21.39,1.62
2023-01,Pudukkottai,191.7,38.35,6.17
2023-01,Ramanathapuram,57.99,30.21,4.56
2023-01,Ranipet,363.41,28.98,2.74
2023-01,Salem,264.86,20.88,5.6
2023-01,Sivaganga,262.58,33.31,4.45
2023-01,Tenkasi,371.21,25.38,6.5
2023-01,Thanjavur,144.03,24.46,7.87
2023-01,Theni,356.1,23.88,9.39
2023-01,Thoothukudi,187.64,21.8,3.75
2023-01,Tiruchirappalli,392.11,28.93,7.42
2023-01,Tirunelveli,167.67,34.93,2.0
2023-01,Tirupathur,138.18,33.58,4.3
2023-01,Tiruppur,182.19,39.57,8.65
2023-01,Tiruvallur,355.69,30.62,4.91
2023-01,Tiruvannamalai,66.55,33.62,2.09
2023-01,Tiruvarur,30.51,27.88,1.56
2023-01,Vellore,45.78,36.14,7.91
2023-01,Viluppuram,158.53,20.37,2.04
2023-01,Virudhunagar,145.06,22.2,6.07
2023-02,Ariyalur,154.37,26.97,5.83
2023-02,Chengalpattu,53.21,39.69,5.87
2023-02,Chennai,281.18,27.89,0.43
2023-02,Coimbatore,344.49,31.91,9.37
2023-02,Cuddalore,137.24,32.51,5.19
2023-02,Dharmapuri,394.44,31.33,2.45
2023-02,Dindigul,194.42,22.5,3.86
2023-02,Erode,218.25,20.4,7.34
2023-02,Kallakurichi,330.56,30.57,0.67
2023-02,Kancheepuram,46.99,34.53,4.73
2023-02,Karur,69.14,24.29,8.99
2023-02,Krishnagiri,262.12,33.09,6.31
2023-02,Madurai,215.81,32.29,9.5
2023-02,Mayiladuthurai,122.81,28.7,9.34
2023-02,Nagapattinam,326.17,37.04,6.6
2023-02,Namakkal,87.2,25.31,2.06
2023-02,Nilgiris,265.03,37.27,4.03
2023-02,Perambalur,253.95,37.04,9.48
2023-02,Pudukkottai,293.25,24.48,8.63
2023-02,Ramanathapuram,308.34,23.52,5.08
2023-02,Ranipet,353.8,35.63,8.1
2023-02,Salem,249.48,36.28,4.26
2023-02,Sivaganga,207.05,33.19,6.1
2023-02,Tenkasi,309.7,34.39,4.73
2023-02,Thanjavur,340.66,27.76,0.1
2023-02,Theni,179.66,37.63,3.22
2023-02,Thoothukudi,17.51,29.3,5.73
2023-02,Tiruchirappalli,354.2,38.52,2.88
2023-02,Tirunelveli,289.99,34.96,9.17
2023-02,Tirupathur,208.62,29.61,7.9
2023-02,Tiruppur,86.13,21.86,3.96
2023-02,Tiruvallur,379.83,30.9,6.32
2023-02,Tiruvannamalai,295.91,27.22,9.32
2023-02,Tiruvarur,284.91,23.27,7.18
2023-02,Vellore,390.88,23.57,9.27
2023-02,Viluppuram,83.66,35.2,6.94
2023-02,Virudhunagar,380.91,31.79,3.03
2023-03,Ariyalur,370.68,37.28,6.93
2023-03,Chengalpattu,202.5,30.82,7.4
2023-03,Chennai,380.96,24.67,6.45
2023-03,Coimbatore,193.73,38.53,9.81
2023-03,Cuddalore,50.54,21.62,1.74
2023-03,Dharmapuri,240.69,29.32,9.19
2023-03,Dindigul,299.44,29.09,3.02
2023-03,Erode,197.01,24.36,0.17
2023-03,Kallakurichi,120.02,30.18,2.32
2023-03,Kancheepuram,55.26,30.74,7.3
2023-03,Karur,381.83,32.79,6.98
2023-03,Krishnagiri,166.2,37.43,2.19
2023-03,Madurai,342.05,34.81,7.99
2023-03,Mayiladuthurai,263.62,25.97,2.76
2023-03,Nagapattinam,47.69,39.55,0.17
2023-03,Namakkal,40.37,20.51,5.65
2023-03,Nilgiris,259.35,34.46,7.67
2023-03,Perambalur,85.69,35.68,8.57
2023-03,Pudukkottai,289.97,23.75,7.94
2023-03,Ramanathapuram,195.2,34.13,7.78
2023-03,Ranipet,29.0,23.69,3.92
2023-03,Salem,171.08,21.01,4.92
2023-03,Sivaganga,102.91,36.64,5.1
2023-03,Tenkasi,199.53,21.85,1.86
2023-03,Thanjavur,3.21,27.21,4.21
2023-03,Theni,77.63,21.15,1.46
2023-03,Thoothukudi,211.06,21.28,3.09
2023-03,Tiruchirappalli,174.5,20.84,2.97
2023-03,Tirunelveli,82.52,29.04,4.12
2023-03,Tirupathur,204.88,33.21,2.78
2023-03,Tiruppur,168.83,35.2,6.13
2023-03,Tiruvallur,176.66,34.23,4.69
2023-03,Tiruvannamalai,368.15,29.28,2.35
2023-03,Tiruvarur,341.63,37.01,4.02
2023-03,Vellore,249.1,27.03,4.68
2023-03,Viluppuram,96.08,27.99,5.28
2023-03,Virudhunagar,333.89,21.88,6.52
2023-04,Ariyalur,353.26,20.18,0.58
2023-04,Chengalpattu,119.21,26.07,5.72
2023-04,Chennai,128.16,30.53,3.04
2023-04,Coimbatore,14.2,31.3,6.41
2023-04,Cuddalore,244.32,38.68,3.08
2023-04,Dharmapuri,290.38,21.45,9.46
2023-04,Dindigul,237.09,34.15,2.49
2023-04,Erode,251.63,24.82,1.39
2023-04,Kallakurichi,313.65,28.12,2.81
2023-04,Kancheepuram,35.04,20.41,2.77
2023-04,Karur,82.05,29.91,5.56
2023-04,Krishnagiri,399.12,37.76,2.56
2023-04,Madurai,357.51,31.34,3.22
2023-04,Mayiladuthurai,253.99,23.57,8.26
2023-04,Nagapattinam,214.72,30.41,5.39
2023-04,Namakkal,70.92,23.76,9.12
2023-04,Nilgiris,18.42,38.49,6.7
2023-04,Perambalur,235.88,35.69,6.02
2023-04,Pudukkottai,212.31,22.04,0.19
2023-04,Ramanathapuram,239.72,31.39,7.04
2023-04,Ranipet,326.34,35.44,2.23
2023-04,Salem,231.96,36.59,3.72
2023-04,Sivaganga,92.22,20.93,4.87
2023-04,Tenkasi,327.74,22.08,9.36
2023-04,Thanjavur,76.08,27.54,6.87
2023-04,Theni,38.7,30.63,3.57
2023-04,Thoothukudi,349.22,24.32,3.48
2023-04,Tiruchirappalli,327.84,26.66,9.65
2023-04,Tirunelveli,27.15,23.32,5.3
2023-04,Tirupathur,131.21,29.02,6.39
2023-04,Tiruppur,89.09,28.07,6.07
2023-04,Tiruvallur,393.34,23.42,6.66
2023-04,Tiruvannamalai,133.68,26.74,2.13
2023-04,Tiruvarur,293.53,37.13,8.29
2023-04,Vellore,295.3,23.93,1.68
2023-04,Viluppuram,260.1,37.38,2.03
2023-04,Virudhunagar,156.19,28.62,1.52
2023-05,Ariyalur,187.59,34.87,0.46
2023-05,Chengalpattu,279.09,26.84,4.97
2023-05,Chennai,281.52,37.63,3.25
2023-05,Coimbatore,276.14,38.04,9.61
2023-05,Cuddalore,93.85,35.69,5.39
2023-05,Dharmapuri,168.62,24.9,3.28
2023-05,Dindigul,237.43,35.59,9.34
2023-05,Erode,148.86,34.1,0.44
2023-05,Kallakurichi,226.25,36.65,1.85
2023-05,Kancheepuram,17.66,36.73,1.66
2023-05,Karur,100.33,34.4,2.62
2023-05,Krishnagiri,284.37,33.5,1.67
2023-05,Madurai,97.01,27.78,0.17
2023-05,Mayiladuthurai,399.31,32.02,4.65
2023-05,Nagapattinam,12.96,30.75,6.23
2023-05,Namakkal,0.56,24.39,3.81
2023-05,Nilgiris,399.02,31.49,6.05
2023-05,Perambalur,292.4,20.49,3.89
2023-05,Pudukkottai,134.03,33.63,1.8
2023-05,Ramanathapuram,150.1,30.22,2.75
2023-05,Ranipet,79.75,24.09,1.83
2023-05,Salem,299.2,20.32,1.59
2023-05,Sivaganga,275.72,24.82,0.36
2023-05,Tenkasi,151.86,23.45,4.69
2023-05,Thanjavur,156.84,23.56,0.12
2023-05,Theni,255.44,22.12,9.68
2023-05,Thoothukudi,90.73,38.35,8.17
2023-05,Tiruchirappalli,58.82,27.83,2.39
2023-05,Tirunelveli,202.08,21.06,8.52
2023-05,Tirupathur,337.07,30.55,9.96
2023-05,Tiruppur,326.31,33.56,9.78
2023-05,Tiruvallur,289.98,38.3,7.15
2023-05,Tiruvannamalai,313.62,26.9,3.37
2023-05,Tiruvarur,79.88,34.68,4.25
2023-05,Vellore,369.86,36.21,5.24
2023-05,Viluppuram,53.79,22.8,1.94
2023-05,Virudhunagar,326.86,20.52,6.27
2023-06,Ariyalur,193.97,39.25,8.15
2023-06,Chengalpattu,322.58,29.75,2.1
2023-06,Chennai,98.47,25.48,1.23
2023-06,Coimbatore,44.47,36.81,2.26
2023-06,Cuddalore,39.32,29.22,9.02
2023-06,Dharmapuri,280.18,21.65,7.95
2023-06,Dindigul,279.25,24.5,9.5
2023-06,Erode,200.95,29.18,3.59
2023-06,Kallakurichi,58.41,28.25,5.57
2023-06,Kancheepuram,333.02,33.86,2.92
2023-06,Karur,328.1,35.98,7.91
2023-06,Krishnagiri,379.06,33.79,5.5
2023-06,Madurai,48.7,33.78,2.66
2023-06,Mayiladuthurai,132.83,29.35,2.91
2023-06,Nagapattinam,97.36,26.97,7.91
2023-06,Namakkal,135.47,28.71,7.66
2023-06,Nilgiris,243.4,20.55,6.34
2023-06,Perambalur,172.76,28.49,3.56
2023-06,Pudukkottai,265.2,23.19,8.41
2023-06,Ramanathapuram,64.72,23.96,1.73
2023-06,Ranipet,379.67,30.56,5.46
2023-06,Salem,308.84,27.31,4.13
2023-06,Sivaganga,375.02,31.72,7.97
2023-06,Tenkasi,332.16,20.67,8.35
2023-06,Thanjavur,214.74,31.66,9.06
2023-06,Theni,266.19,38.7,3.62
2023-06,Thoothukudi,277.24,39.2,1.81
2023-06,Tiruchirappalli,8.49,39.36,9.37
2023-06,Tirunelveli,31.07,24.21,6.42
2023-06,Tirupathur,335.09,24.73,9.46
2023-06,Tiruppur,244.62,32.0,5.31
2023-06,Tiruvallur,213.61,28.9,1.45
2023-06,Tiruvannamalai,237.96,39.08,0.14
2023-06,Tiruvarur,82.11,30.7,3.59
2023-06,Vellore,141.48,36.95,4.96
2023-06,Viluppuram,276.2,30.6,2.11
2023-06,Virudhunagar,134.68,27.66,7.31
2023-07,Ariyalur,348.61,28.1,1.26
2023-07,Chengalpattu,332.56,37.0,6.0
2023-07,Chennai,53.61,24.83,4.42
2023-07,Coimbatore,145.23,31.02,2.39
2023-07,Cuddalore,61.65,21.35,3.34
2023-07,Dharmapuri,257.06,27.28,7.25
2023-07,Dindigul,133.57,26.67,7.1
2023-07,Erode,43.49,25.87,8.29
2023-07,Kallakurichi,312.03,26.79,9.04
2023-07,Kancheepuram,361.67,23.36,9.48
2023-07,Karur,357.77,22.06,3.21
2023-07,Krishnagiri,384.52,21.76,4.4
2023-07,Madurai,318.07,26.68,8.01
2023-07,Mayiladuthurai,20.03,24.86,2.99
2023-07,Nagapattinam,222.48,25.47,6.28
2023-07,Namakkal,162.75,34.49,8.77
2023-07,Nilgiris,312.49,25.32,8.64
2023-07,Perambalur,76.26,20.09,2.26
2023-07,Pudukkottai,190.49,20.34,2.85
2023-07,Ramanathapuram,144.43,36.95,2.33
2023-07,Ranipet,53.87,27.56,4.31
2023-07,Salem,311.92,37.6,2.58
2023-07,Sivaganga,62.51,32.53,5.66
2023-07,Tenkasi,212.96,29.52,9.16
2023-07,Thanjavur,235.83,36.86,8.64
2023-07,Theni,61.89,20.7,4.51
2023-07,Thoothukudi,285.57,24.87,3.01
2023-07,Tiruchirappalli,318.64,20.07,8.8
2023-07,Tirunelveli,310.71,35.19,6.93
2023-07,Tirupathur,193.43,36.86,2.43
2023-07,Tiruppur,204.12,39.35,5.15
2023-07,Tiruvallur,198.21,24.29,2.97
2023-07,Tiruvannamalai,354.08,23.77,8.26
2023-07,Tiruvarur,239.48,26.37,8.18
2023-07,Vellore,111.42,20.55,1.62
2023-07,Viluppuram,107.85,31.41,1.9
2023-07,Virudhunagar,384.24,31.88,2.74
2023-08,Ariyalur,187.22,28.89,7.63
2023-08,Chengalpattu,158.72,34.39,2.53
2023-08,Chennai,114.24,22.65,9.66
2023-08,Coimbatore,255.15,37.29,6.77
2023-08,Cuddalore,214.58,21.53,7.06
2023-08,Dharmapuri,278.31,24.4,4.01
2023-08,Dindigul,317.24,34.64,8.45
2023-08,Erode,271.42,32.96,7.43
2023-08,Kallakurichi,378.83,30.84,4.31
2023-08,Kancheepuram,386.92,26.11,8.05
2023-08,Karur,252.88,27.04,5.36
2023-08,Krishnagiri,344.03,25.5,5.42
2023-08,Madurai,366.71,21.45,1.26
2023-08,Mayiladuthurai,165.94,23.04,1.72
2023-08,Nagapattinam,250.93,33.23,2.55
2023-08,Namakkal,223.41,22.73,1.75
2023-08,Nilgiris,190.16,21.4,2.32
2023-08,Perambalur,27.66,21.84,2.19
2023-08,Pudukkottai,98.41,23.27,4.95
2023-08,Ramanathapuram,218.59,29.93,3.25
2023-08,Ranipet,254.91,32.88,8.98
2023-08,Salem,392.6,20.04,5.03
2023-08,Sivaganga,35.62,27.39,1.29
2023-08,Tenkasi,97.49,33.73,5.22
2023-08,Thanjavur,221.58,39.36,7.04
2023-08,Theni,202.78,22.5,7.93
2023-08,Thoothukudi,231.93,23.62,8.48
2023-08,Tiruchirappalli,362.89,26.83,6.8
2023-08,Tirunelveli,285.1,23.49,6.34
2023-08,Tirupathur,33.18,35.59,3.27
2023-08,Tiruppur,366.89,30.33,3.11
2023-08,Tiruvallur,396.0,28.29,4.19
2023-08,Tiruvannamalai,134.9,26.46,5.93
2023-08,Tiruvarur,176.12,22.23,1.93
2023-08,Vellore,282.03,32.45,7.17
2023-08,Viluppuram,167.27,27.53,2.86
2023-08,Virudhunagar,391.75,33.15,2.31
2023-09,Ariyalur,174.88,29.15,7.79
2023-09,Chengalpattu,180.53,20.72,9.14
2023-09,Chennai,244.55,28.05,1.18
2023-09,Coimbatore,368.03,27.14,1.1
2023-09,Cuddalore,92.39,23.71,2.0
2023-09,Dharmapuri,296.88,25.53,6.51
2023-09,Dindigul,71.04,34.94,3.01
2023-09,Erode,384.06,29.24,1.18
2023-09,Kallakurichi,285.36,28.34,3.39
2023-09,Kancheepuram,361.91,38.59,1.53
2023-09,Karur,223.8,39.4,4.9
2023-09,Krishnagiri,379.99,22.28,8.91
2023-09,Madurai,158.46,38.24,0.94
2023-09,Mayiladuthurai,316.26,39.78,8.35
2023-09,Nagapattinam,63.97,25.65,7.9
2023-09,Namakkal,117.88,24.32,5.84
2023-09,Nilgiris,82.93,25.05,6.49
2023-09,Perambalur,140.75,25.42,5.44
2023-09,Pudukkottai,70.01,39.43,7.89
2023-09,Ramanathapuram,149.89,23.09,7.73
2023-09,Ranipet,46.8,26.56,8.85
2023-09,Salem,252.4,39.32,9.9
2023-09,Sivaganga,392.28,31.49,3.42
2023-09,Tenkasi,88.77,38.76,9.78
2023-09,Thanjavur,226.29,37.96,8.68
2023-09,Theni,255.43,20.37,7.14
2023-09,Thoothukudi,77.43,27.55,3.38
2023-09,Tiruchirappalli,334.71,34.19,4.42
2023-09,Tirunelveli,330.72,35.9,1.99
2023-09,Tirupathur,149.37,20.32,3.31
2023-09,Tiruppur,394.99,39.4,4.21
2023-09,Tiruvallur,373.26,35.97,0.39
2023-09,Tiruvannamalai,13.23,32.65,0.42
2023-09,Tiruvarur,159.05,27.69,8.54
2023-09,Vellore,15.07,32.57,3.0
2023-09,Viluppuram,195.44,37.48,1.66
2023-09,Virudhunagar,312.4,26.38,0.32
2023-10,Ariyalur,134.79,32.31,6.48
2023-10,Chengalpattu,23.0,33.78,6.85
2023-10,Chennai,96.36,20.02,6.47
2023-10,Coimbatore,24.56,31.03,6.41
2023-10,Cuddalore,173.71,35.3,2.32
2023-10,Dharmapuri,269.32,20.95,8.82
2023-10,Dindigul,148.6,28.05,3.65
2023-10,Erode,45.2,22.97,9.12
2023-10,Kallakurichi,200.82,38.39,4.29
2023-10,Kancheepuram,191.9,31.99,6.12
2023-10,Karur,114.02,24.32,4.75
2023-10,Krishnagiri,47.13,27.65,9.22
2023-10,Madurai,117.11,24.15,2.51
2023-10,Mayiladuthurai,84.99,34.06,4.58
2023-10,Nagapattinam,127.91,35.08,5.14
2023-10,Namakkal,67.15,22.22,8.42
2023-10,Nilgiris,30.02,20.75,4.02
2023-10,Perambalur,55.07,30.6,6.4
2023-10,Pudukkottai,324.28,39.35,9.05
2023-10,Ramanathapuram,358.39,35.91,0.41
2023-10,Ranipet,110.94,38.68,6.44
2023-10,Salem,384.98,29.91,7.02
2023-10,Sivaganga,337.99,38.96,7.46
2023-10,Tenkasi,300.83,34.94,2.22
2023-10,Thanjavur,146.89,25.94,6.05
2023-10,Theni,112.2,21.12,6.09
2023-10,Thoothukudi,86.75,26.43,3.46
2023-10,Tiruchirappalli,202.05,21.5,7.94
2023-10,Tirunelveli,75.31,29.17,8.66
2023-10,Tirupathur,282.9,28.64,5.87
2023-10,Tiruppur,376.51,35.67,1.88
2023-10,Tiruvallur,273.89,35.1,4.25
2023-10,Tiruvannamalai,272.11,27.43,1.26
2023-10,Tiruvarur,157.21,29.75,9.86
2023-10,Vellore,396.72,27.81,2.69
2023-10,Viluppuram,355.21,20.35,7.31
2023-10,Virudhunagar,314.69,30.83,9.08
2023-11,Ariyalur,348.63,27.1,4.58
2023-11,Chengalpattu,20.82,30.75,4.27
2023-11,Chennai,72.02,26.21,3.97
2023-11,Coimbatore,249.32,20.88,7.47
2023-11,Cuddalore,207.24,33.17,2.63
2023-11,Dharmapuri,115.79,27.02,3.91
2023-11,Dindigul,87.14,39.85,1.66
2023-11,Erode,63.96,29.66,4.65
2023-11,Kallakurichi,148.0,25.96,9.28
2023-11,Kancheepuram,216.41,29.97,5.8
2023-11,Karur,238.52,29.18,8.08
2023-11,Krishnagiri,363.68,36.22,7.75
2023-11,Madurai,23.8,20.78,3.69
2023-11,Mayiladuthurai,51.44,28.6,0.76
2023-11,Nagapattinam,166.34,33.33,1.43
2023-11,Namakkal,223.94,33.8,0.46
2023-11,Nilgiris,236.98,27.95,1.62
2023-11,Perambalur,61.38,28.1,5.6
2023-11,Pudukkottai,345.01,22.54,9.82
2023-11,Ramanathapuram,8.49,25.75,7.96
2023-11,Ranipet,277.54,32.77,5.24
2023-11,Salem,185.88,25.66,0.27
2023-11,Sivaganga,273.38,28.1,8.01
2023-11,Tenkasi,196.73,24.29,7.77
2023-11,Thanjavur,348.26,25.41,1.97
2023-11,Theni,21.2,36.91,5.1
2023-11,Thoothukudi,112.9,38.65,8.88
2023-11,Tiruchirappalli,47.72,22.95,4.95
2023-11,Tirunelveli,315.45,27.19,0.84
2023-11,Tirupathur,45.8,24.62,9.41
2023-11,Tiruppur,62.46,25.92,5.47
2023-11,Tiruvallur,148.09,35.92,2.71
2023-11,Tiruvannamalai,49.04,30.02,5.62
2023-11,Tiruvarur,165.47,27.7,1.62
2023-11,Vellore,75.44,35.22,8.28
2023-11,Viluppuram,290.77,29.9,1.79
2023-11,Virudhunagar,105.81,37.18,8.05
2023-12,Ariyalur,124.84,38.98,3.81
2023-12,Chengalpattu,171.07,24.01,5.02
2023-12,Chennai,200.88,31.3,1.45
2023-12,Coimbatore,165.62,20.54,3.86
2023-12,Cuddalore,20.31,22.19,5.65
2023-12,Dharmapuri,357.03,26.48,4.27
2023-12,Dindigul,140.9,34.29,2.04
2023-12,Erode,353.64,23.73,0.49
2023-12,Kallakurichi,305.04,38.65,4.35
2023-12,Kancheepuram,66.72,31.71,8.8
2023-12,Karur,237.66,26.16,3.5
2023-12,Krishnagiri,317.03,39.26,3.45
2023-12,Madurai,331.82,28.42,3.51
2023-12,Mayiladuthurai,281.79,21.85,1.26
2023-12,Nagapattinam,291.78,21.42,3.72
2023-12,Namakkal,345.93,35.26,0.11
2023-12,Nilgiris,177.75,36.0,2.02
2023-12,Perambalur,172.19,30.91,9.6
2023-12,Pudukkottai,322.36,23.69,3.8
2023-12,Ramanathapuram,241.62,37.42,2.28
2023-12,Ranipet,308.33,32.55,9.66
2023-12,Salem,294.26,26.8,1.45
2023-12,Sivaganga,146.19,25.54,2.49
2023-12,Tenkasi,265.92,24.4,0.28
2023-12,Thanjavur,240.5,22.78,9.38
2023-12,Theni,351.71,37.17,5.09
2023-12,Thoothukudi,216.15,27.14,1.33
2023-12,Tiruchirappalli,154.89,34.38,3.29
2023-12,Tirunelveli,146.56,38.68,7.22
2023-12,Tirupathur,125.28,23.47,2.44
2023-12,Tiruppur,273.7,20.86,0.73
2023-12,Tiruvallur,302.47,22.67,9.3
2023-12,Tiruvannamalai,284.2,33.24,8.15
2023-12,Tiruvarur,138.83,36.69,7.63
2023-12,Vellore,290.53,30.7,7.81
2023-12,Viluppuram,198.61,22.46,2.26
2023-12,Virudhunagar,389.31,26.47,5.72
2024-01,Ariyalur,300.22,33.74,4.6
2024-01,Chengalpattu,125.85,33.45,5.21
2024-01,Chennai,89.57,21.93,9.09
2024-01,Coimbatore,134.18,35.77,6.89
2024-01,Cuddalore,285.86,35.98,7.55
2024-01,Dharmapuri,38.83,27.64,7.67
2024-01,Dindigul,314.78,32.65,1.58
2024-01,Erode,175.41,20.82,2.5
2024-01,Kallakurichi,5.38,32.06,6.82
2024-01,Kancheepuram,358.97,22.13,3.85
2024-01,Karur,86.91,38.72,3.94
2024-01,Krishnagiri,388.63,39.8,4.77
2024-01,Madurai,179.15,20.36,0.74
2024-01,Mayiladuthurai,338.41,20.22,1.7
2024-01,Nagapattinam,127.03,20.89,4.67
2024-01,Namakkal,49.53,28.01,5.28
2024-01,Nilgiris,91.43,26.35,9.42
2024-01,Perambalur,103.51,35.32,3.68
2024-01,Pudukkottai,108.81,26.84,4.97
2024-01,Ramanathapuram,147.86,30.99,8.2
2024-01,Ranipet,389.21,33.3,7.37
2024-01,Salem,198.52,30.1,0.58
2024-01,Sivaganga,191.72,39.3,0.18
2024-01,Tenkasi,91.49,37.12,1.19
2024-01,Thanjavur,132.16,28.45,0.44
2024-01,Theni,209.24,27.83,5.04
2024-01,Thoothukudi,11.75,24.26,0.82
2024-01,Tiruchirappalli,75.34,23.1,5.68
2024-01,Tirunelveli,337.93,24.02,7.81
2024-01,Tirupathur,366.55,38.47,4.98
2024-01,Tiruppur,58.48,21.39,9.1
2024-01,Tiruvallur,25.22,20.51,9.4
2024-01,Tiruvannamalai,82.95,32.0,3.32
2024-01,Tiruvarur,195.65,39.26,8.64
2024-01,Vellore,219.97,21.01,2.02
2024-01,Viluppuram,299.14,35.15,1.75
2024-01,Virudhunagar,164.26,26.22,0.32
2024-02,Ariyalur,389.12,24.64,2.74
2024-02,Chengalpattu,268.37,24.31,4.5
2024-02,Chennai,104.27,33.93,5.32
2024-02,Coimbatore,179.32,31.1,0.54
2024-02,Cuddalore,326.48,38.98,8.53
2024-02,Dharmapuri,177.99,29.83,2.07
2024-02,Dindigul,50.02,30.32,3.62
2024-02,Erode,140.92,37.91,7.01
2024-02,Kallakurichi,197.41,39.75,7.9
2024-02,Kancheepuram,281.33,29.42,6.86
2024-02,Karur,22.19,20.34,1.97
2024-02,Krishnagiri,103.17,28.88,5.69
2024-02,Madurai,79.0,39.63,6.57
2024-02,Mayiladuthurai,61.15,34.85,9.02
2024-02,Nagapattinam,380.11,25.3,9.09
2024-02,Namakkal,292.73,37.39,9.15
2024-02,Nilgiris,157.47,27.16,5.43
2024-02,Perambalur,199.14,23.5,2.18
2024-02,Pudukkottai,280.88,29.09,1.3
2024-02,Ramanathapuram,3.28,23.2,2.31
2024-02,Ranipet,241.09,32.41,7.13
2024-02,Salem,48.12,31.26,5.52
2024-02,Sivaganga,16.55,37.27,2.8
2024-02,Tenkasi,146.9,24.63,3.15
2024-02,Thanjavur,178.48,27.35,7.32
2024-02,Theni,70.48,28.42,6.43
2024-02,Thoothukudi,181.26,25.73,6.48
2024-02,Tiruchirappalli,30.64,37.78,4.26
2024-02,Tirunelveli,271.93,34.24,8.05
2024-02,Tirupathur,278.4,39.4,5.51
2024-02,Tiruppur,309.73,23.44,5.33
2024-02,Tiruvallur,59.34,35.65,3.28
2024-02,Tiruvannamalai,182.0,34.05,0.37
2024-02,Tiruvarur,329.62,33.63,1.78
2024-02,Vellore,143.85,22.9,6.57
2024-02,Viluppuram,22.66,37.75,7.58
2024-02,Virudhunagar,13.04,28.93,3.72
2024-03,Ariyalur,268.93,26.17,7.59
2024-03,Chengalpattu,82.97,38.28,8.31
2024-03,Chennai,276.48,30.58,4.6
2024-03,Coimbatore,327.01,22.5,9.07
2024-03,Cuddalore,328.1,38.6,8.21
2024-03,Dharmapuri,72.85,29.08,6.36
2024-03,Dindigul,329.67,22.66,6.87
2024-03,Erode,321.13,23.29,9.54
2024-03,Kallakurichi,123.53,33.3,7.21
2024-03,Kancheepuram,40.13,23.61,7.54
2024-03,Karur,225.72,33.34,1.73
2024-03,Krishnagiri,26.26,25.78,1.11
2024-03,Madurai,52.56,31.23,6.02
2024-03,Mayiladuthurai,161.06,30.66,6.32
2024-03,Nagapattinam,293.83,28.42,5.88
2024-03,Namakkal,146.66,23.47,1.22
2024-03,Nilgiris,377.2,28.48,5.59
2024-03,Perambalur,257.92,24.55,1.31
2024-03,Pudukkottai,45.24,39.03,2.7
2024-03,Ramanathapuram,347.95,28.66,0.65
2024-03,Ranipet,228.93,24.44,1.66
2024-03,Salem,287.59,34.1,0.74
2024-03,Sivaganga,176.78,27.93,5.39
2024-03,Tenkasi,338.89,23.13,0.47
2024-03,Thanjavur,85.88,27.01,7.81
2024-03,Theni,182.1,21.82,3.98
2024-03,Thoothukudi,57.24,38.99,1.24
2024-03,Tiruchirappalli,115.73,28.36,3.57
2024-03,Tirunelveli,231.9,34.37,2.66
2024-03,Tirupathur,284.54,38.3,3.42
2024-03,Tiruppur,281.16,32.01,4.99
2024-03,Tiruvallur,186.15,21.88,7.97
2024-03,Tiruvannamalai,207.41,20.19,9.59
2024-03,Tiruvarur,167.15,27.9,0.16
2024-03,Vellore,55.13,25.56,9.46
2024-03,Viluppuram,134.59,24.31,6.77
2024-03,Virudhunagar,82.52,38.35,3.85
2024-04,Ariyalur,120.33,23.61,2.49
2024-04,Chengalpattu,295.54,39.37,6.66
2024-04,Chennai,232.85,24.52,2.94
2024-04,Coimbatore,173.8,33.43,2.23
2024-04,Cuddalore,61.77,21.93,1.53
2024-04,Dharmapuri,182.54,39.35,6.45
2024-04,Dindigul,347.46,38.72,1.99
2024-04,Erode,305.79,32.35,5.09
2024-04,Kallakurichi,339.75,30.19,7.91
2024-04,Kancheepuram,174.18,23.38,9.76
2024-04,Karur,5.32,35.48,7.12
2024-04,Krishnagiri,256.82,33.61,8.95
2024-04,Madurai,143.73,33.22,6.26
2024-04,Mayiladuthurai,173.82,21.36,3.46
2024-04,Nagapattinam,29.37,36.69,0.81
2024-04,Namakkal,137.46,33.99,5.26
2024-04,Nilgiris,52.36,33.21,3.93
2024-04,Perambalur,35.38,30.35,2.03
2024-04,Pudukkottai,138.02,34.07,9.19
2024-04,Ramanathapuram,275.55,21.22,9.96
2024-04,Ranipet,286.89,33.06,7.84
2024-04,Salem,294.13,25.26,3.63
2024-04,Sivaganga,89.68,28.93,4.41
2024-04,Tenkasi,166.11,34.52,0.29
2024-04,Thanjavur,242.59,24.74,6.2
2024-04,Theni,318.96,28.21,2.58
2024-04,Thoothukudi,152.5,21.49,3.41
2024-04,Tiruchirappalli,248.12,33.11,1.98
2024-04,Tirunelveli,345.2,36.29,6.35
2024-04,Tirupathur,244.21,39.53,2.98
2024-04,Tiruppur,74.07,32.4,5.65
2024-04,Tiruvallur,221.53,29.19,9.16
2024-04,Tiruvannamalai,214.91,36.95,3.22
2024-04,Tiruvarur,369.69,26.3,5.72
2024-04,Vellore,233.78,36.85,0.57
2024-04,Viluppuram,338.48,35.94,9.23
2024-04,Virudhunagar,290.43,33.93,4.54
2024-05,Ariyalur,128.28,26.44,1.29
2024-05,Chengalpattu,122.97,35.48,1.71
2024-05,Chennai,354.74,35.15,2.96
2024-05,Coimbatore,263.41,20.89,5.18
2024-05,Cuddalore,192.11,34.61,9.38
2024-05,Dharmapuri,357.82,22.53,3.92
2024-05,Dindigul,81.5,27.78,9.41
2024-05,Erode,33.54,34.27,5.59
2024-05,Kallakurichi,206.48,32.31,6.75
2024-05,Kancheepuram,246.1,32.72,0.64
2024-05,Karur,72.04,25.86,1.95
2024-05,Krishnagiri,321.23,28.28,5.82
2024-05,Madurai,325.45,26.26,7.36
2024-05,Mayiladuthurai,139.96,35.2,5.2
2024-05,Nagapattinam,306.12,28.4,0.56
2024-05,Namakkal,362.33,38.98,4.98
2024-05,Nilgiris,188.08,25.97,2.6
2024-05,Perambalur,304.72,27.88,8.17
2024-05,Pudukkottai,151.6,21.08,2.29
2024-05,Ramanathapuram,278.05,30.91,6.65
2024-05,Ranipet,74.29,31.19,6.91
2024-05,Salem,396.28,23.29,0.82
2024-05,Sivaganga,327.23,31.07,4.0
2024-05,Tenkasi,168.82,29.52,8.19
2024-05,Thanjavur,367.86,31.98,2.94
2024-05,Theni,252.87,26.7,6.72
2024-05,Thoothukudi,87.26,23.49,0.55
2024-05,Tiruchirappalli,253.21,37.44,7.32
2024-05,Tirunelveli,297.23,23.86,2.12
2024-05,Tirupathur,327.8,21.91,2.45
2024-05,Tiruppur,92.11,37.22,7.73
2024-05,Tiruvallur,308.74,27.12,1.35
2024-05,Tiruvannamalai,393.74,27.02,5.94
2024-05,Tiruvarur,6.57,21.08,9.0
2024-05,Vellore,148.85,35.14,8.11
2024-05,Viluppuram,63.43,35.24,8.04
2024-05,Virudhunagar,310.07,39.13,5.89
2024-06,Ariyalur,238.67,25.22,9.33
2024-06,Chengalpattu,390.52,31.38,4.38
2024-06,Chennai,33.51,31.92,5.17
2024-06,Coimbatore,171.12,24.36,8.78
2024-06,Cuddalore,39.88,30.41,1.55
2024-06,Dharmapuri,399.47,29.48,7.26
2024-06,Dindigul,391.01,20.42,7.44
2024-06,Erode,265.71,34.62,6.82
2024-06,Kallakurichi,368.21,30.47,9.42
2024-06,Kancheepuram,16.24,34.76,7.28
2024-06,Karur,24.98,29.75,6.81
2024-06,Krishnagiri,242.73,22.34,8.01
2024-06,Madurai,207.82,34.27,0.78
2024-06,Mayiladuthurai,367.34,30.67,4.54
2024-06,Nagapattinam,12.97,36.55,6.75
2024-06,Namakkal,83.51,35.3,3.53
2024-06,Nilgiris,300.26,20.3,2.81
2024-06,Perambalur,79.4,22.24,7.49
2024-06,Pudukkottai,302.5,38.32,0.96
2024-06,Ramanathapuram,390.92,27.88,8.25
2024-06,Ranipet,11.03,39.86,2.49
2024-06,Salem,159.92,22.1,8.67
2024-06,Sivaganga,352.13,34.36,4.61
2024-06,Tenkasi,111.57,21.83,5.17
2024-06,Thanjavur,58.41,25.46,0.57
2024-06,Theni,235.3,33.83,0.77
2024-06,Thoothukudi,291.94,26.32,9.15
2024-06,Tiruchirappalli,192.6,30.02,1.24
2024-06,Tirunelveli,197.95,26.33,6.04
2024-06,Tirupathur,335.68,32.13,3.1
2024-06,Tiruppur,220.58,22.29,4.35
2024-06,Tiruvallur,136.94,25.3,1.41
2024-06,Tiruvannamalai,323.93,30.67,5.59
2024-06,Tiruvarur,82.47,31.04,9.86
2024-06,Vellore,214.25,40.0,8.76
2024-06,Viluppuram,342.49,31.49,6.3
2024-06,Virudhunagar,293.03,31.96,2.59
2024-07,Ariyalur,95.21,27.82,7.58
2024-07,Chengalpattu,1.03,36.18,2.61
2024-07,Chennai,358.52,31.44,6.99
2024-07,Coimbatore,123.06,28.05,2.88
2024-07,Cuddalore,56.65,23.07,1.89
2024-07,Dharmapuri,376.29,33.32,7.55
2024-07,Dindigul,150.6,38.76,4.2
2024-07,Erode,265.24,35.57,9.04
2024-07,Kallakurichi,386.46,21.15,7.78
2024-07,Kancheepuram,223.66,20.62,3.35
2024-07,Karur,334.58,29.04,0.26
2024-07,Krishnagiri,82.47,21.43,0.77
2024-07,Madurai,168.77,29.37,0.83
2024-07,Mayiladuthurai,27.76,27.68,4.47
2024-07,Nagapattinam,303.02,27.13,1.28
2024-07,Namakkal,273.23,21.9,5.67
2024-07,Nilgiris,108.67,35.07,2.36
2024-07,Perambalur,168.98,33.27,8.94
2024-07,Pudukkottai,217.75,20.0,6.84
2024-07,Ramanathapuram,58.6,27.45,5.6
2024-07,Ranipet,309.87,30.64,7.59
2024-07,Salem,367.5,27.68,0.68
2024-07,Sivaganga,194.09,24.79,5.55
2024-07,Tenkasi,358.62,28.01,1.5
2024-07,Thanjavur,358.13,22.09,7.37
2024-07,Theni,343.06,37.07,5.74
2024-07,Thoothukudi,212.64,34.93,5.84
2024-07,Tiruchirappalli,354.19,38.36,9.39
2024-07,Tirunelveli,20.25,20.67,4.62
2024-07,Tirupathur,147.31,20.05,2.21
2024-07,Tiruppur,319.37,28.19,0.9
2024-07,Tiruvallur,118.06,29.8,7.03
2024-07,Tiruvannamalai,278.13,20.45,8.68
2024-07,Tiruvarur,241.21,22.65,3.18
2024-07,Vellore,303.75,31.01,3.19
2024-07,Viluppuram,388.86,23.23,8.27
2024-07,Virudhunagar,355.05,27.44,6.04
2024-08,Ariyalur,284.68,23.24,4.36
2024-08,Chengalpattu,279.98,27.84,9.32
2024-08,Chennai,247.95,39.87,4.3
2024-08,Coimbatore,107.38,25.43,0.45
2024-08,Cuddalore,382.39,27.69,3.01
2024-08,Dharmapuri,137.56,36.34,5.72
2024-08,Dindigul,168.9,36.38,6.91
2024-08,Erode,311.01,26.82,3.99
2024-08,Kallakurichi,105.51,20.62,6.45
2024-08,Kancheepuram,230.98,26.59,5.07
2024-08,Karur,350.6,29.22,9.9
2024-08,Krishnagiri,46.9,39.67,0.82
2024-08,Madurai,25.05,24.01,9.07
2024-08,Mayiladuthurai,132.41,23.73,4.15
2024-08,Nagapattinam,137.98,30.21,6.18
2024-08,Namakkal,244.7,31.83,7.65
2024-08,Nilgiris,374.54,37.76,4.88
2024-08,Perambalur,397.98,38.87,1.24
2024-08,Pudukkottai,234.96,34.35,7.95
2024-08,Ramanathapuram,123.88,31.43,7.66
2024-08,Ranipet,353.56,25.74,5.27
2024-08,Salem,308.79,24.81,8.61
2024-08,Sivaganga,263.79,21.51,7.32
2024-08,Tenkasi,104.74,22.68,1.04
2024-08,Thanjavur,57.61,28.08,8.82
2024-08,Theni,317.54,33.03,2.58
2024-08,Thoothukudi,224.66,24.77,4.06
2024-08,Tiruchirappalli,356.45,20.24,2.06
2024-08,Tirunelveli,81.14,25.01,0.57
2024-08,Tirupathur,343.27,34.83,6.28
2024-08,Tiruppur,357.36,25.12,3.82
2024-08,Tiruvallur,98.35,30.75,9.51
2024-08,Tiruvannamalai,142.53,26.81,7.73
2024-08,Tiruvarur,316.96,25.05,8.37
2024-08,Vellore,188.5,29.09,9.54
2024-08,Viluppuram,288.45,39.75,9.29
2024-08,Virudhunagar,248.96,28.7,6.49
2024-09,Ariyalur,98.65,29.31,6.33
2024-09,Chengalpattu,170.71,29.22,5.24
2024-09,Chennai,5.78,36.13,5.36
2024-09,Coimbatore,330.96,33.85,0.14
2024-09,Cuddalore,221.28,36.72,2.23
2024-09,Dharmapuri,139.15,23.26,0.78
2024-09,Dindigul,190.55,35.74,3.72
2024-09,Erode,41.34,29.33,7.64
2024-09,Kallakurichi,185.4,30.73,7.11
2024-09,Kancheepuram,317.82,33.72,2.67
2024-09,Karur,345.75,33.74,1.24
2024-09,Krishnagiri,190.93,30.74,6.2
2024-09,Madurai,152.91,38.57,0.64
2024-09,Mayiladuthurai,202.34,24.43,8.51
2024-09,Nagapattinam,342.11,31.74,0.72
2024-09,Namakkal,77.37,24.31,7.21
2024-09,Nilgiris,136.16,25.32,6.0
2024-09,Perambalur,306.61,21.59,2.3
2024-09,Pudukkottai,141.75,30.21,9.96
2024-09,Ramanathapuram,319.51,20.22,5.79
2024-09,Ranipet,88.8,37.51,1.41
2024-09,Salem,273.1,25.98,5.54
2024-09,Sivaganga,267.58,24.07,3.57
2024-09,Tenkasi,239.5,20.13,9.32
2024-09,Thanjavur,8.92,23.74,2.42
2024-09,Theni,380.59,32.95,1.23
2024-09,Thoothukudi,275.35,22.38,7.39
2024-09,Tiruchirappalli,264.31,39.56,8.41
2024-09,Tirunelveli,203.55,33.39,2.2
2024-09,Tirupathur,338.48,32.31,7.86
2024-09,Tiruppur,220.79,21.31,5.45
2024-09,Tiruvallur,170.77,29.82,5.46
2024-09,Tiruvannamalai,10.4,24.36,2.48
2024-09,Tiruvarur,325.96,34.51,3.56
2024-09,Vellore,275.53,34.73,3.65
2024-09,Viluppuram,264.63,27.84,1.2
2024-09,Virudhunagar,21.61,29.55,9.57
2024-10,Ariyalur,194.52,25.39,2.57
2024-10,Chengalpattu,33.48,30.58,1.73
2024-10,Chennai,319.02,32.22,2.4
2024-10,Coimbatore,16.54,32.01,5.73
2024-10,Cuddalore,31.21,36.36,0.9
2024-10,Dharmapuri,53.04,22.61,3.57
2024-10,Dindigul,170.93,25.13,7.75
2024-10,Erode,214.71,24.05,0.72
2024-10,Kallakurichi,228.56,28.06,4.99
2024-10,Kancheepuram,66.23,26.85,7.22
2024-10,Karur,23.84,32.75,5.46
2024-10,Krishnagiri,316.74,23.8,3.81
2024-10,Madurai,298.08,37.44,4.13
2024-10,Mayiladuthurai,225.78,32.12,9.81
2024-10,Nagapattinam,397.24,30.01,8.71
2024-10,Namakkal,322.0,25.7,3.29
2024-10,Nilgiris,63.63,35.82,4.87
2024-10,Perambalur,99.64,32.5,2.35
2024-10,Pudukkottai,227.35,34.32,3.91
2024-10,Ramanathapuram,204.08,30.3,5.4
2024-10,Ranipet,52.88,25.07,0.24
2024-10,Salem,125.22,33.34,7.44
2024-10,Sivaganga,369.24,28.64,2.95
2024-10,Tenkasi,354.4,21.32,9.08
2024-10,Thanjavur,213.85,25.45,0.45
2024-10,Theni,186.02,21.08,7.01
2024-10,Thoothukudi,332.69,32.97,5.21
2024-10,Tiruchirappalli,396.7,33.66,2.01
2024-10,Tirunelveli,191.39,37.44,7.64
2024-10,Tirupathur,207.31,20.11,7.63
2024-10,Tiruppur,183.99,31.73,3.75
2024-10,Tiruvallur,344.87,30.34,0.44
2024-10,Tiruvannamalai,394.2,38.71,7.91
2024-10,Tiruvarur,51.49,31.11,2.63
2024-10,Vellore,268.36,26.74,3.64
2024-10,Viluppuram,126.29,34.76,9.82
2024-10,Virudhunagar,382.48,23.83,1.1
2024-11,Ariyalur,231.23,33.55,0.69
2024-11,Chengalpattu,368.83,39.69,7.58
2024-11,Chennai,162.55,29.21,2.11
2024-11,Coimbatore,126.77,20.46,6.64
2024-11,Cuddalore,224.2,26.2,1.14
2024-11,Dharmapuri,103.99,36.55,5.74
2024-11,Dindigul,295.61,38.8,9.45
2024-11,Erode,129.6,38.96,4.54
2024-11,Kallakurichi,110.53,39.04,1.93
2024-11,Kancheepuram,209.43,24.92,0.6
2024-11,Karur,96.35,24.46,8.82
2024-11,Krishnagiri,66.47,37.7,2.47
2024-11,Madurai,145.01,25.94,9.82
2024-11,Mayiladuthurai,123.29,38.78,2.57
2024-11,Nagapattinam,20.85,39.3,9.91
2024-11,Namakkal,386.16,27.66,8.45
2024-11,Nilgiris,81.98,30.17,4.16
2024-11,Perambalur,176.23,21.67,2.18
2024-11,Pudukkottai,26.07,24.35,9.62
2024-11,Ramanathapuram,395.41,20.61,2.5
2024-11,Ranipet,331.98,24.91,0.42
2024-11,Salem,99.1,32.33,0.99
2024-11,Sivaganga,62.93,29.62,0.83
2024-11,Tenkasi,148.29,38.69,0.42
2024-11,Thanjavur,75.14,21.26,3.74
2024-11,Theni,101.55,21.67,7.53
2024-11,Thoothukudi,254.8,32.17,4.68
2024-11,Tiruchirappalli,367.64,25.57,3.27
2024-11,Tirunelveli,359.53,26.8,7.32
2024-11,Tirupathur,144.04,39.72,7.24
2024-11,Tiruppur,113.9,36.33,5.15
2024-11,Tiruvallur,178.5,28.58,9.22
2024-11,Tiruvannamalai,218.65,20.65,8.31
2024-11,Tiruvarur,278.24,24.54,5.24
2024-11,Vellore,310.21,29.54,5.91
2024-11,Viluppuram,196.1,31.01,3.47
2024-11,Virudhunagar,76.04,25.66,6.65
2024-12,Ariyalur,169.1,38.46,6.63
2024-12,Chengalpattu,348.74,32.56,2.34
2024-12,Chennai,390.18,37.02,8.83
2024-12,Coimbatore,303.29,33.77,2.44
2024-12,Cuddalore,352.94,30.58,3.29
2024-12,Dharmapuri,320.76,35.0,1.96
2024-12,Dindigul,8.85,27.23,7.31
2024-12,Erode,55.62,39.33,3.4
2024-12,Kallakurichi,13.63,28.85,9.26
2024-12,Kancheepuram,236.63,37.85,5.47
2024-12,Karur,119.52,23.49,1.57
2024-12,Krishnagiri,214.7,24.55,8.52
2024-12,Madurai,356.57,21.93,1.4
2024-12,Mayiladuthurai,144.85,35.62,6.9
2024-12,Nagapattinam,178.93,26.95,7.03
2024-12,Namakkal,399.13,31.23,7.93
2024-12,Nilgiris,368.57,33.47,6.26
2024-12,Perambalur,364.54,36.07,5.2
2024-12,Pudukkottai,83.71,23.53,7.52
2024-12,Ramanathapuram,385.97,28.42,1.93
2024-12,Ranipet,274.65,28.13,6.18
2024-12,Salem,223.48,38.87,8.32
2024-12,Sivaganga,1.31,35.88,4.29
2024-12,Tenkasi,5.39,36.71,2.92
2024-12,Thanjavur,249.65,28.81,5.59
2024-12,Theni,53.16,25.4,8.09
2024-12,Thoothukudi,246.6,29.42,4.75
2024-12,Tiruchirappalli,18.85,21.4,9.61
2024-12,Tirunelveli,17.57,31.52,6.28
2024-12,Tirupathur,118.69,31.24,8.66
2024-12,Tiruppur,206.26,24.16,5.47
2024-12,Tiruvallur,208.61,33.68,3.1
2024-12,Tiruvannamalai,158.15,31.28,7.2
2024-12,Tiruvarur,245.2,21.36,2.28
2024-12,Vellore,396.51,32.19,9.21
2024-12,Viluppuram,156.25,34.15,9.11
2024-12,Virudhunagar,227.09,33.81,1.01
2025-01,Ariyalur,344.57,33.09,6.5
2025-01,Chengalpattu,44.02,31.85,1.58
2025-01,Chennai,303.29,31.98,9.65
2025-01,Coimbatore,58.12,28.73,8.5
2025-01,Cuddalore,72.11,22.45,0.93
2025-01,Dharmapuri,53.96,39.0,9.84
2025-01,Dindigul,293.34,30.16,3.2
2025-01,Erode,321.18,26.14,4.76
2025-01,Kallakurichi,179.26,36.33,9.96
2025-01,Kancheepuram,153.87,21.28,4.44
2025-01,Karur,137.58,32.43,9.64
2025-01,Krishnagiri,16.88,29.15,5.18
2025-01,Madurai,380.75,24.17,8.88
2025-01,Mayiladuthurai,238.79,29.42,1.05
2025-01,Nagapattinam,22.76,39.84,1.7
2025-01,Namakkal,85.16,36.45,9.24
2025-01,Nilgiris,168.48,32.67,8.94
2025-01,Perambalur,218.22,20.62,3.37
2025-01,Pudukkottai,145.33,38.26,0.84
2025-01,Ramanathapuram,344.0,27.24,7.57
2025-01,Ranipet,339.29,34.61,7.81
2025-01,Salem,95.1,37.47,4.98
2025-01,Sivaganga,93.47,31.16,9.24
2025-01,Tenkasi,234.21,35.43,6.36
2025-01,Thanjavur,55.64,25.33,2.22
2025-01,Theni,252.57,20.68,2.35
2025-01,Thoothukudi,132.76,21.93,4.92
2025-01,Tiruchirappalli,192.96,26.74,2.13
2025-01,Tirunelveli,197.67,39.25,6.04
2025-01,Tirupathur,115.05,20.44,5.49
2025-01,Tiruppur,127.67,39.63,2.07
2025-01,Tiruvallur,5.91,30.59,2.2
2025-01,Tiruvannamalai,311.45,33.04,1.09
2025-01,Tiruvarur,155.51,31.82,8.36
2025-01,Vellore,376.48,25.63,5.21
2025-01,Viluppuram,67.48,21.1,4.48
2025-01,Virudhunagar,367.52,26.16,8.96
2025-02,Ariyalur,198.86,39.49,4.72
2025-02,Chengalpattu,134.35,39.04,8.55
2025-02,Chennai,374.85,27.59,9.92
2025-02,Coimbatore,37.75,22.67,5.03
2025-02,Cuddalore,195.66,39.04,6.49
2025-02,Dharmapuri,180.78,36.89,0.54
2025-02,Dindigul,162.83,37.18,3.11
2025-02,Erode,4.6,28.31,5.6
2025-02,Kallakurichi,385.28,25.48,0.6
2025-02,Kancheepuram,132.54,28.44,2.75
2025-02,Karur,168.72,38.83,7.64
2025-02,Krishnagiri,271.63,28.25,7.1
2025-02,Madurai,300.64,26.63,6.4
2025-02,Mayiladuthurai,256.54,35.95,9.9
2025-02,Nagapattinam,115.14,37.99,0.69
2025-02,Namakkal,142.77,33.01,8.31
2025-02,Nilgiris,229.25,38.25,1.31
2025-02,Perambalur,103.41,27.26,6.55
2025-02,Pudukkottai,346.63,23.75,6.9
2025-02,Ramanathapuram,254.85,26.32,5.61
2025-02,Ranipet,221.11,25.05,8.98
2025-02,Salem,328.21,36.01,4.43
2025-02,Sivaganga,164.56,37.04,4.31
2025-02,Tenkasi,7.05,33.71,4.03
2025-02,Thanjavur,284.41,25.37,3.34
2025-02,Theni,199.45,38.11,1.0
2025-02,Thoothukudi,260.32,29.99,1.4
2025-02,Tiruchirappalli,292.45,22.65,4.69
2025-02,Tirunelveli,332.46,20.06,9.1
2025-02,Tirupathur,263.52,38.59,3.74
2025-02,Tiruppur,170.82,38.84,5.28
2025-02,Tiruvallur,180.22,29.27,8.55
2025-02,Tiruvannamalai,44.34,24.48,0.98
2025-02,Tiruvarur,311.06,20.98,8.53
2025-02,Vellore,331.33,32.84,2.71
2025-02,Viluppuram,380.74,39.2,8.08
2025-02,Virudhunagar,151.07,37.25,0.26
2025-03,Ariyalur,394.5,27.91,9.45
2025-03,Chengalpattu,81.12,23.66,1.95
2025-03,Chennai,328.67,29.97,9.88
2025-03,Coimbatore,195.29,23.5,0.11
2025-03,Cuddalore,215.16,22.73,3.76
2025-03,Dharmapuri,102.92,28.39,5.95
2025-03,Dindigul,127.1,22.41,3.03
2025-03,Erode,33.48,35.58,5.59
2025-03,Kallakurichi,171.49,25.33,1.86
2025-03,Kancheepuram,95.9,38.05,2.09
2025-03,Karur,280.65,39.92,2.35
2025-03,Krishnagiri,141.59,37.16,5.7
2025-03,Madurai,74.01,26.59,1.0
2025-03,Mayiladuthurai,163.6,38.36,6.17
2025-03,Nagapattinam,309.71,26.93,3.59
2025-03,Namakkal,311.86,28.17,2.02
2025-03,Nilgiris,58.47,26.6,9.28
2025-03,Perambalur,129.34,27.79,2.61
2025-03,Pudukkottai,213.03,29.31,8.93
2025-03,Ramanathapuram,251.35,21.8,5.2
2025-03,Ranipet,252.71,36.83,4.31
2025-03,Salem,68.31,23.64,9.91
2025-03,Sivaganga,30.94,20.07,1.04
2025-03,Tenkasi,340.62,34.79,0.86
2025-03,Thanjavur,32.14,26.4,9.49
2025-03,Theni,28.28,23.06,5.34
2025-03,Thoothukudi,372.77,39.26,7.56
2025-03,Tiruchirappalli,321.24,26.27,2.21
2025-03,Tirunelveli,181.88,27.33,5.79
2025-03,Tirupathur,262.35,28.68,2.38
2025-03,Tiruppur,392.76,34.71,5.11
2025-03,Tiruvallur,32.69,27.82,6.51
2025-03,Tiruvannamalai,340.91,36.36,5.04
2025-03,Tiruvarur,253.7,33.82,7.29
2025-03,Vellore,233.78,26.29,0.63
2025-03,Viluppuram,192.77,20.77,0.84
2025-03,Virudhunagar,252.67,35.43,2.86
2025-04,Ariyalur,129.64,38.18,9.92
2025-04,Chengalpattu,379.39,35.54,6.02
2025-04,Chennai,198.18,27.45,8.51
2025-04,Coimbatore,117.33,23.53,0.67
2025-04,Cuddalore,177.11,38.0,0.9
2025-04,Dharmapuri,144.9,32.2,1.92
2025-04,Dindigul,97.93,21.42,6.51
2025-04,Erode,301.8,21.66,7.35
2025-04,Kallakurichi,155.09,34.97,9.33
2025-04,Kancheepuram,89.94,32.71,0.29
2025-04,Karur,126.5,39.07,9.91
2025-04,Krishnagiri,155.28,29.2,0.68
2025-04,Madurai,225.34,24.03,1.07
2025-04,Mayiladuthurai,237.89,29.13,1.08
2025-04,Nagapattinam,90.99,27.59,9.87
2025-04,Namakkal,189.86,38.87,6.95
2025-04,Nilgiris,220.12,27.53,1.88
2025-04,Perambalur,200.81,39.91,4.71
2025-04,Pudukkottai,376.7,22.64,9.7
2025-04,Ramanathapuram,136.31,25.89,3.09
2025-04,Ranipet,247.83,21.31,3.85
2025-04,Salem,87.24,34.77,7.98
2025-04,Sivaganga,393.86,28.58,8.32
2025-04,Tenkasi,397.21,23.85,6.85
2025-04,Thanjavur,91.49,25.44,8.19
2025-04,Theni,165.41,31.27,9.63
2025-04,Thoothukudi,87.09,24.37,3.89
2025-04,Tiruchirappalli,107.51,33.78,2.88
2025-04,Tirunelveli,61.6,22.47,5.32
2025-04,Tirupathur,157.32,26.21,0.6
2025-04,Tiruppur,88.42,21.95,3.69
2025-04,Tiruvallur,118.32,35.32,0.44
2025-04,Tiruvannamalai,120.4,23.13,0.81
2025-04,Tiruvarur,301.29,32.8,4.86
2025-04,Vellore,261.16,25.93,2.07
2025-04,Viluppuram,367.96,31.31,4.61
2025-04,Virudhunagar,163.75,30.93,1.45
